mean_fit_time,std_fit_time,mean_score_time,std_score_time,param_model__C,param_model__class_weight,params,split0_test_accuracy,split1_test_accuracy,split2_test_accuracy,split3_test_accuracy,split4_test_accuracy,mean_test_accuracy,std_test_accuracy,rank_test_accuracy,split0_train_accuracy,split1_train_accuracy,split2_train_accuracy,split3_train_accuracy,split4_train_accuracy,mean_train_accuracy,std_train_accuracy,split0_test_precision,split1_test_precision,split2_test_precision,split3_test_precision,split4_test_precision,mean_test_precision,std_test_precision,rank_test_precision,split0_train_precision,split1_train_precision,split2_train_precision,split3_train_precision,split4_train_precision,mean_train_precision,std_train_precision,split0_test_recall,split1_test_recall,split2_test_recall,split3_test_recall,split4_test_recall,mean_test_recall,std_test_recall,rank_test_recall,split0_train_recall,split1_train_recall,split2_train_recall,split3_train_recall,split4_train_recall,mean_train_recall,std_train_recall,split0_test_f1,split1_test_f1,split2_test_f1,split3_test_f1,split4_test_f1,mean_test_f1,std_test_f1,rank_test_f1,split0_train_f1,split1_train_f1,split2_train_f1,split3_train_f1,split4_train_f1,mean_train_f1,std_train_f1,split0_test_roc_auc,split1_test_roc_auc,split2_test_roc_auc,split3_test_roc_auc,split4_test_roc_auc,mean_test_roc_auc,std_test_roc_auc,rank_test_roc_auc,split0_train_roc_auc,split1_train_roc_auc,split2_train_roc_auc,split3_train_roc_auc,split4_train_roc_auc,mean_train_roc_auc,std_train_roc_auc,generalization_gap
0.05514993667602539,0.004599759315826729,0.06217641830444336,0.007363786090025473,3.0,,"{'model__C': 3.0, 'model__class_weight': None}",0.8321678321678322,0.8111888111888111,0.8591549295774648,0.7887323943661971,0.852112676056338,0.8286713286713286,0.026045072927855167,1,0.8541300527240774,0.8541300527240774,0.8526315789473684,0.8526315789473684,0.8421052631578947,0.8511257053001572,0.004559734514461724,0.7818181818181819,0.7692307692307693,0.8571428571428571,0.7142857142857143,0.8235294117647058,0.7892013868484457,0.04870349466002313,4,0.8229665071770335,0.8110599078341014,0.8284313725490197,0.8260869565217391,0.8086124401913876,0.8194314368546562,0.008061323634088468,0.7818181818181819,0.7272727272727273,0.7636363636363637,0.7407407407407407,0.7777777777777778,0.7582491582491583,0.021128046735376934,8,0.7889908256880734,0.8073394495412844,0.7752293577981652,0.7808219178082192,0.771689497716895,0.7848142097105275,0.012687761001752555,0.7818181818181819,0.7476635514018691,0.8076923076923077,0.7272727272727273,0.8,0.7728893536370173,0.030799916977641898,4,0.8056206088992974,0.8091954022988506,0.8009478672985783,0.8028169014084507,0.7897196261682243,0.8016600812146804,0.006586148976778463,0.8667355371900826,0.8613636363636363,0.9080459770114943,0.8501683501683501,0.8827861952861953,0.8738199392039517,0.02008263582495312,2,0.9032841945685982,0.9048720562482031,0.8946974040867388,0.9038429015597965,0.8989449583056888,0.9011283029538053,0.003798843431008822,0.022454376628828543
0.0542719841003418,0.0023710044713873757,0.07245540618896484,0.0124204718460102,1.0,,"{'model__C': 1.0, 'model__class_weight': None}",0.8321678321678322,0.7972027972027972,0.8591549295774648,0.7887323943661971,0.852112676056338,0.8258741258741258,0.028415620552444388,2,0.8506151142355008,0.8523725834797891,0.8421052631578947,0.8526315789473684,0.8333333333333334,0.8462115746307772,0.0075003538495265155,0.7818181818181819,0.75,0.8571428571428571,0.7142857142857143,0.8235294117647058,0.7853552330022918,0.05084114598681492,5,0.8181818181818182,0.8101851851851852,0.8137254901960784,0.8292682926829268,0.7952380952380952,0.8133197762968207,0.011089924087423075,0.7818181818181819,0.7090909090909091,0.7636363636363637,0.7407407407407407,0.7777777777777778,0.7546127946127946,0.02691783897733595,10,0.7844036697247706,0.8027522935779816,0.7614678899082569,0.776255707762557,0.7625570776255708,0.7774873277198274,0.015278782215464762,0.7818181818181819,0.7289719626168224,0.8076923076923077,0.7272727272727273,0.8,0.7691510358800079,0.03454184553986714,6,0.8009367681498829,0.8064516129032258,0.7867298578199052,0.8018867924528302,0.7785547785547785,0.7949119619761246,0.010512985979561339,0.8652892561983471,0.8642561983471075,0.9061650992685477,0.8470117845117846,0.8840488215488215,0.8733542319749217,0.0201626875551441,3,0.8986186256828459,0.8992786011134634,0.8894065366972478,0.899588911004436,0.8930257971353861,0.8959836943266758,0.004069521336853523,0.020337448756651444
0.05720810890197754,0.005021429121886537,0.05880894660949707,0.0007643997641101284,10.0,,"{'model__C': 10.0, 'model__class_weight': None}",0.8251748251748252,0.7972027972027972,0.8591549295774648,0.7887323943661971,0.852112676056338,0.8244755244755245,0.028243000230493406,3,0.8576449912126538,0.859402460456942,0.8526315789473684,0.8578947368421053,0.8491228070175438,0.8553393148953227,0.003855704361582639,0.7678571428571429,0.76,0.8571428571428571,0.7068965517241379,0.8235294117647058,0.7830851926977689,0.05232552179624436,6,0.8309178743961353,0.8194444444444444,0.8221153846153846,0.8349514563106796,0.824390243902439,0.8263638807338166,0.005732519040316484,0.7818181818181819,0.6909090909090909,0.7636363636363637,0.7592592592592593,0.7777777777777778,0.7546801346801347,0.03297848741773609,9,0.7889908256880734,0.8119266055045872,0.7844036697247706,0.7853881278538812,0.771689497716895,0.7884797452976415,0.013100392063191225,0.7747747747747747,0.7238095238095238,0.8076923076923077,0.7321428571428571,0.8,0.7676838926838927,0.03430279908063443,8,0.8094117647058824,0.815668202764977,0.8028169014084507,0.8094117647058824,0.7971698113207547,0.8068956889811896,0.006337940935679216,0.8708677685950413,0.8582644628099173,0.9097178683385581,0.8486952861952862,0.8777356902356902,0.8730562152348986,0.02089504437299222,4,0.905205311168614,0.9085182571421103,0.8982289929107591,0.9070431513353888,0.9029908025341815,0.9043973030182106,0.003596163137934148,0.030863790419798143
0.05129375457763672,0.007830552813810492,0.07331628799438476,0.015608420487143235,0.1,,"{'model__C': 0.1, 'model__class_weight': None}",0.8321678321678322,0.8041958041958042,0.8450704225352113,0.7887323943661971,0.852112676056338,0.8244558258642766,0.024232086314151604,4,0.8312829525483304,0.836555360281195,0.8368421052631579,0.8421052631578947,0.8280701754385965,0.8349711713378349,0.004860699881679433,0.7818181818181819,0.7755102040816326,0.851063829787234,0.7142857142857143,0.8367346938775511,0.7918825247700628,0.04879498502572565,3,0.805,0.8048780487804879,0.8109452736318408,0.8241206030150754,0.8009950248756219,0.809187790060605,0.008115546908322085,0.7818181818181819,0.6909090909090909,0.7272727272727273,0.7407407407407407,0.7592592592592593,0.74,0.030633736047322575,12,0.7385321100917431,0.7568807339449541,0.7477064220183486,0.7488584474885844,0.7351598173515982,0.7454275061790459,0.007760324258534292,0.7818181818181819,0.7307692307692307,0.7843137254901961,0.7272727272727273,0.7961165048543689,0.764058074040941,0.029033651693641586,9,0.7703349282296651,0.7801418439716312,0.7780429594272077,0.784688995215311,0.7666666666666667,0.7759750787020964,0.006573100280338975,0.8669421487603305,0.8535123966942149,0.8925809822361547,0.8375420875420875,0.8838383838383839,0.8668831998142343,0.019937587653055866,9,0.8809234428500483,0.8850335868684494,0.8749022623019183,0.8855780613771481,0.8759838166230861,0.8804842340041299,0.004432804031049125,0.010515345473558368
0.05780467987060547,0.0074355876515214475,0.06286215782165527,0.007317990541104202,1.0,balanced,"{'model__C': 1.0, 'model__class_weight': 'balanced'}",0.8181818181818182,0.8041958041958042,0.8450704225352113,0.7816901408450704,0.8661971830985915,0.8230670737712991,0.029787228146834124,5,0.8383128295254832,0.8488576449912126,0.8350877192982457,0.8473684210526315,0.8385964912280702,0.8416446212191288,0.005443794478173654,0.7457627118644068,0.7368421052631579,0.8235294117647058,0.6716417910447762,0.8301886792452831,0.761592939836466,0.059153885956253684,9,0.7739130434782608,0.7844827586206896,0.7695652173913043,0.7920353982300885,0.7797356828193832,0.7799464201079453,0.007885900997911031,0.8,0.7636363636363637,0.7636363636363637,0.8333333333333334,0.8148148148148148,0.7950841750841751,0.02776469439870244,1,0.8165137614678899,0.8348623853211009,0.8119266055045872,0.817351598173516,0.8082191780821918,0.8177747057098571,0.00915714124734493,0.7719298245614035,0.75,0.7924528301886793,0.743801652892562,0.822429906542056,0.7761228428369401,0.028829347115259682,1,0.7946428571428571,0.8088888888888889,0.7901785714285714,0.8044943820224719,0.7937219730941704,0.7983853345153918,0.007081654508839585,0.8683884297520661,0.8632231404958677,0.9070010449320794,0.8472222222222222,0.8838383838383838,0.8739346442481238,0.020251030642534393,1,0.8995073054706082,0.9011343736114378,0.8909703398665554,0.9009158438382182,0.894886104931767,0.8974827935437173,0.003959125269608979,0.01857754744782969
0.05507159233093262,0.0020785639168359586,0.06051545143127442,0.004653161589206742,3.0,balanced,"{'model__C': 3.0, 'model__class_weight': 'balanced'}",0.8111888111888111,0.8041958041958042,0.8450704225352113,0.7816901408450704,0.8661971830985915,0.8216684723726978,0.030145785024778722,6,0.836555360281195,0.8488576449912126,0.8350877192982457,0.8491228070175438,0.8315789473684211,0.8402404957913238,0.007325359560465253,0.7333333333333333,0.7454545454545455,0.8235294117647058,0.676923076923077,0.8301886792452831,0.7618858093441888,0.057912195565230654,8,0.7682403433476395,0.7844827586206896,0.7695652173913043,0.7929515418502202,0.7685589519650655,0.7767597626349838,0.010133248867475433,0.8,0.7454545454545455,0.7636363636363637,0.8148148148148148,0.8148148148148148,0.7877441077441077,0.02823275991542921,5,0.8211009174311926,0.8348623853211009,0.8119266055045872,0.821917808219178,0.8036529680365296,0.8186921369025176,0.010484589913518125,0.7652173913043478,0.7454545454545455,0.7924528301886793,0.7394957983193278,0.822429906542056,0.7730100943617912,0.030866099034733203,3,0.7937915742793792,0.8088888888888889,0.7901785714285714,0.8071748878923767,0.7857142857142857,0.7971496416407005,0.009262346245204193,0.868595041322314,0.8572314049586777,0.9061650992685476,0.8489057239057239,0.8817340067340067,0.872526255237854,0.020118006380655744,5,0.9039245667686036,0.9064011082359708,0.8967433798999166,0.9057552459378942,0.9011304947378007,0.9027909591160371,0.0035337118067832185,0.01857202341862596
0.053159475326538086,0.011845560383238867,0.06243410110473633,0.004418532998304148,0.3,,"{'model__C': 0.3, 'model__class_weight': None}",0.8251748251748252,0.8041958041958042,0.8380281690140845,0.7887323943661971,0.852112676056338,0.8216487737614498,0.022789739575501344,7,0.843585237258348,0.8383128295254832,0.8403508771929824,0.8456140350877193,0.8315789473684211,0.8398883852865907,0.004861950501228927,0.7678571428571429,0.7755102040816326,0.8333333333333334,0.7142857142857143,0.8235294117647058,0.7829031612645059,0.04285577440743855,7,0.8086124401913876,0.8028846153846154,0.812807881773399,0.8258706467661692,0.8029556650246306,0.8106262498280403,0.008485014558465304,0.7818181818181819,0.6909090909090909,0.7272727272727273,0.7407407407407407,0.7777777777777778,0.7437037037037036,0.03370395597573913,11,0.7752293577981652,0.7660550458715596,0.7568807339449541,0.7579908675799086,0.7442922374429224,0.7600896485275019,0.010286466580045466,0.7747747747747747,0.7307692307692307,0.7766990291262136,0.7272727272727273,0.8,0.7619031523885893,0.028300366952816226,11,0.7915690866510539,0.784037558685446,0.7838479809976246,0.7904761904761904,0.7725118483412322,0.7844885330303094,0.006782933615675884,0.8669421487603305,0.8607438016528927,0.904284221525601,0.8434343434343434,0.882996632996633,0.8716802296739601,0.020644448294341616,6,0.8911432604093156,0.8929532920358609,0.881014126355296,0.8919265243466158,0.8842576331160806,0.8882589672526338,0.0047393080026899275,0.018239611525140864
0.05496811866760254,0.00653427514116882,0.06524758338928223,0.012663959906344115,0.3,balanced,"{'model__C': 0.3, 'model__class_weight': 'balanced'}",0.8251748251748252,0.8111888111888111,0.852112676056338,0.7605633802816901,0.8591549295774648,0.8216389244558258,0.0351796240294049,8,0.8383128295254832,0.8453427065026362,0.8298245614035088,0.8421052631578947,0.8298245614035088,0.8370819843986064,0.006329742742946557,0.7678571428571429,0.7413793103448276,0.8269230769230769,0.6515151515151515,0.8148148148148148,0.7604978992910028,0.06270494359682804,10,0.771551724137931,0.7801724137931034,0.7641921397379913,0.7866666666666666,0.7652173913043478,0.7735600671280081,0.008682140576324084,0.7818181818181819,0.7818181818181819,0.7818181818181819,0.7962962962962963,0.8148148148148148,0.7913131313131314,0.013020163273919914,4,0.8211009174311926,0.8302752293577982,0.8027522935779816,0.8082191780821918,0.8036529680365296,0.8132001172971387,0.010761941549518572,0.7747747747747747,0.7610619469026548,0.8037383177570093,0.7166666666666667,0.8148148148148148,0.7742113041831841,0.03465572971128377,2,0.7955555555555556,0.8044444444444444,0.7829977628635347,0.7972972972972973,0.7839643652561247,0.7928518850833913,0.0082164553150013,0.8652892561983471,0.8578512396694216,0.9030303030303031,0.8436447811447811,0.8834175084175084,0.8706466176920722,0.020655851102533564,8,0.8923455918868763,0.8946130322277112,0.8816266159299416,0.892772118799516,0.886417151257334,0.8895549020202758,0.004825480600148963,0.015443059942780613
0.058228921890258786,0.002308852898082896,0.05057077407836914,0.005666100733752296,10.0,balanced,"{'model__C': 10.0, 'model__class_weight': 'balanced'}",0.8251748251748252,0.7902097902097902,0.852112676056338,0.7816901408450704,0.852112676056338,0.8202600216684723,0.029812717400678163,9,0.8347978910369068,0.8541300527240774,0.8350877192982457,0.8491228070175438,0.8385964912280702,0.8423469922609688,0.007854990906791976,0.75,0.7358490566037735,0.8269230769230769,0.676923076923077,0.8,0.7579390420899855,0.05223505279441103,11,0.7649572649572649,0.7922077922077922,0.7695652173913043,0.7929515418502202,0.7797356828193832,0.7798834998451929,0.011418784477210571,0.8181818181818182,0.7090909090909091,0.7818181818181819,0.8148148148148148,0.8148148148148148,0.7877441077441077,0.04150552453774088,5,0.8211009174311926,0.8394495412844036,0.8119266055045872,0.821917808219178,0.8082191780821918,0.8205228101043106,0.010823820725061903,0.782608695652174,0.7222222222222222,0.8037383177570093,0.7394957983193278,0.8073394495412844,0.7710808966984035,0.03434783388909104,5,0.7920353982300885,0.8151447661469933,0.7901785714285714,0.8071748878923767,0.7937219730941704,0.7996511193584401,0.009793297011449032,0.871694214876033,0.8553719008264462,0.9067920585161965,0.8470117845117845,0.8739478114478114,0.8709635540356544,0.020542192210174146,7,0.9061593350584176,0.9096421756972216,0.8995060988323603,0.9082139744240201,0.9041746347682421,0.9055392437560522,0.0035393147145510086,0.022086970592496424
0.12871770858764647,0.0949183338236815,0.08257508277893066,0.011737128313255026,0.03,,"{'model__C': 0.03, 'model__class_weight': None}",0.8461538461538461,0.8041958041958042,0.8380281690140845,0.7676056338028169,0.8380281690140845,0.8188023244361272,0.029400079949143818,10,0.8172231985940246,0.8224956063268892,0.8192982456140351,0.8368421052631579,0.8210526315789474,0.8233823574754109,0.0069569241577612335,0.8,0.8,0.8478260869565217,0.7142857142857143,0.8163265306122449,0.7956876663708963,0.044289610213394406,2,0.7938144329896907,0.7969543147208121,0.7979274611398963,0.8214285714285714,0.806282722513089,0.803281500558412,0.009966422642624604,0.8,0.6545454545454545,0.7090909090909091,0.6481481481481481,0.7407407407407407,0.7105050505050505,0.056471944178646545,13,0.7064220183486238,0.7201834862385321,0.7064220183486238,0.7351598173515982,0.7031963470319634,0.7142767374638683,0.011976318161826894,0.8,0.72,0.7722772277227723,0.6796116504854369,0.7766990291262136,0.7497175814668846,0.04373381752726308,13,0.7475728155339806,0.7566265060240964,0.7493917274939172,0.7759036144578313,0.751219512195122,0.7561428351409895,0.010334255039317236,0.8685950413223139,0.850206611570248,0.8875653082549634,0.8322811447811448,0.8802609427609427,0.8637818097379226,0.020183962560390657,11,0.8724417784050812,0.8775059463132858,0.8698589970809008,0.8806475952594675,0.8675278720940822,0.8735964378305635,0.0048400882121662735,0.004580033039283671
0.0582118034362793,0.013883988835019722,0.0660627841949463,0.00469668125841523,0.1,balanced,"{'model__C': 0.1, 'model__class_weight': 'balanced'}",0.8111888111888111,0.7972027972027972,0.852112676056338,0.7746478873239436,0.8450704225352113,0.8160445188614203,0.029105616372892554,11,0.8242530755711776,0.8383128295254832,0.8228070175438597,0.8368421052631579,0.8263157894736842,0.8297061634754724,0.006539501262990975,0.7333333333333333,0.7321428571428571,0.8269230769230769,0.6666666666666666,0.7857142857142857,0.7489560439560439,0.054273972619533414,12,0.7543103448275862,0.771551724137931,0.7510729613733905,0.7763157894736842,0.7586206896551724,0.7623743018935528,0.009853197054246912,0.8,0.7454545454545455,0.7818181818181819,0.8148148148148148,0.8148148148148148,0.7913804713804714,0.025974068729589073,2,0.8027522935779816,0.8211009174311926,0.8027522935779816,0.8082191780821918,0.8036529680365296,0.8076955301411755,0.007002743739003961,0.7652173913043478,0.7387387387387387,0.8037383177570093,0.7333333333333333,0.8,0.7682055562266858,0.02955252337388472,7,0.7777777777777778,0.7955555555555556,0.7760532150776053,0.7919463087248322,0.7804878048780488,0.7843641324027638,0.00787673382912405,0.865495867768595,0.8516528925619835,0.8942528735632184,0.8379629629629629,0.8825757575757575,0.8663880708865035,0.020319432549584866,10,0.8819950861235264,0.8867456023419327,0.8750195475396163,0.8858252351403036,0.8768814476577034,0.8812933837606165,0.004681515816405136,0.01366164461405217
0.055142784118652345,0.0069142747431576584,0.07679057121276855,0.017897150538920523,0.03,balanced,"{'model__C': 0.03, 'model__class_weight': 'balanced'}",0.7972027972027972,0.8041958041958042,0.8309859154929577,0.7816901408450704,0.8380281690140845,0.8104205653501427,0.02109031884552284,12,0.8260105448154658,0.827768014059754,0.8192982456140351,0.8368421052631579,0.8122807017543859,0.8244399223013599,0.008266083419842238,0.7096774193548387,0.7454545454545455,0.7818181818181819,0.676923076923077,0.7719298245614035,0.7371606096224091,0.039130224958384335,13,0.7531914893617021,0.7586206896551724,0.7405857740585774,0.7739130434782608,0.7333333333333333,0.7519288659774093,0.014171367971580917,0.8,0.7454545454545455,0.7818181818181819,0.8148148148148148,0.8148148148148148,0.7913804713804714,0.025974068729589073,2,0.8119266055045872,0.8073394495412844,0.8119266055045872,0.8127853881278538,0.8036529680365296,0.8095262033429684,0.003504937422865491,0.7521367521367521,0.7454545454545455,0.7818181818181819,0.7394957983193278,0.7927927927927928,0.7623396141043199,0.021061123178363766,10,0.7814569536423841,0.7822222222222223,0.774617067833698,0.7928730512249443,0.7668845315904139,0.7796107653027325,0.008637249393448244,0.8688016528925621,0.8479338842975207,0.8879832810867294,0.8322811447811449,0.8794191919191918,0.8632838309954298,0.020482414318488927,12,0.8725855354295722,0.8779894926683918,0.8694550145954962,0.8803093574783071,0.8678270824389546,0.8736332965221443,0.0048127788210237735,0.014019356951217143
0.19381980895996093,0.0702005089125216,0.07097139358520507,0.00428123743119963,0.01,balanced,"{'model__C': 0.01, 'model__class_weight': 'balanced'}",0.7972027972027972,0.8111888111888111,0.8309859154929577,0.7887323943661971,0.8169014084507042,0.8090022653402935,0.014836127771729787,13,0.8172231985940246,0.8154657293497364,0.8087719298245614,0.8298245614035088,0.8105263157894737,0.8163623469922611,0.007408777206950823,0.703125,0.75,0.7818181818181819,0.6935483870967742,0.75,0.7356983137829912,0.03278339755224168,14,0.7415254237288136,0.7383966244725738,0.7242798353909465,0.7584745762711864,0.7302904564315352,0.7385933832590111,0.011642282056347568,0.8181818181818182,0.7636363636363637,0.7818181818181819,0.7962962962962963,0.7777777777777778,0.7875420875420875,0.018520354974750183,7,0.8027522935779816,0.8027522935779816,0.8073394495412844,0.817351598173516,0.8036529680365296,0.8067697205814586,0.005555075343211898,0.7563025210084033,0.7567567567567568,0.7818181818181819,0.7413793103448276,0.7636363636363637,0.7599786267129067,0.013116203529394384,12,0.7709251101321586,0.7692307692307693,0.7635574837310195,0.7868131868131868,0.7652173913043478,0.7711487882422963,0.008269360135242458,0.8640495867768594,0.8504132231404958,0.8823406478578892,0.827020202020202,0.8674242424242423,0.8582495804439377,0.01862727353950885,14,0.8635811181682742,0.8702135445254712,0.8617793473728107,0.8739608945088396,0.8603338146717142,0.865973743849422,0.005232531051250805,0.007360081651967554
0.1296173095703125,0.009746318926340907,0.0772542953491211,0.03281976959612772,0.01,,"{'model__C': 0.01, 'model__class_weight': None}",0.8181818181818182,0.8111888111888111,0.795774647887324,0.7676056338028169,0.7535211267605634,0.7892544075642667,0.024923737455052903,14,0.7873462214411248,0.7855887521968365,0.7947368421052632,0.8052631578947368,0.7982456140350878,0.7942361175346099,0.007213459667189016,0.7959183673469388,0.85,0.90625,0.7692307692307693,0.7714285714285715,0.8185655416012558,0.05262204413193606,1,0.8129032258064516,0.8037974683544303,0.8300653594771242,0.8333333333333334,0.8291139240506329,0.8218426622043946,0.011472245346614581,0.7090909090909091,0.6181818181818182,0.5272727272727272,0.5555555555555556,0.5,0.582020202020202,0.07467208865704557,14,0.5779816513761468,0.5825688073394495,0.5825688073394495,0.6164383561643836,0.5981735159817352,0.5915462276402329,0.014203695948324812,0.75,0.7157894736842105,0.6666666666666666,0.6451612903225806,0.6067415730337079,0.6768718007414332,0.05077453862897654,14,0.675603217158177,0.675531914893617,0.6846361185983828,0.7086614173228346,0.6949602122015915,0.6878785760349205,0.012615181884653987,0.8663223140495867,0.849793388429752,0.8823406478578892,0.8261784511784512,0.8674242424242424,0.8584118087879844,0.01912932777193407,13,0.8627055072009201,0.8698606863744478,0.8615447768974145,0.8735966384368211,0.8598134488545448,0.8655042115528297,0.0052983185006609595,0.0049817099703431955
