feature,importance_mean,importance_std
Name,0.10037243947858471,0.026143155677412242
Sex,0.07188081936685284,0.02098920343181434
SibSp,0.04003724394785846,0.009577199903630393
Age,0.024953445065176865,0.011694836847752391
Fare,0.021601489757914278,0.007317274750237791
Pclass,0.009869646182495303,0.008119266054596504
Parch,0.007448789571694569,0.008574200695136928
PassengerId,0.0,0.0
Ticket,-0.0003724394785847555,0.008151235988171062
Embarked,-0.0011173184357542109,0.008702660294635324
Cabin,-0.005586592178770966,0.007767841197249232
